Name,Links,Cost,Collections,Cuisines,Timings,City,Area
Beyond Flavours,https://www.zomato.com/hyderabad/beyond-flavours-gachibowli,800,"Food Hygiene Rated Restaurants in Hyderabad, Corporate Favorites, Great Buffets, Top-Rated, Gold Curated, Live Sports Screenings","Chinese, Continental, Kebab, European, South Indian, North Indian",12:00 PM - 3:30 PM | 6:30 PM - 11:30 PM,Hyderabad,Gachibowli
Paradise,https://www.zomato.com/hyderabad/paradise-gachibowli,800,Hyderabad's Hottest,"Biryani, North Indian, Chinese",11:00 AM - 11:00 PM,Hyderabad,Gachibowli
Flechazo,https://www.zomato.com/hyderabad/flechazo-gachibowli,"1,300","Great Buffets, Hyderabad's Hottest","Asian, Mediterranean, North Indian, Desserts",11:30 AM - 4:30 PM | 6:30 PM - 11:00 PM,Hyderabad,Gachibowli
Shah Ghouse Hotel & Restaurant,https://www.zomato.com/hyderabad/shah-ghouse-hotel-restaurant-gachibowli,800,Late Night Restaurants,"Biryani, North Indian, Chinese, Seafood, Beverages",12:00 PM - 2:00 AM,Hyderabad,Gachibowli
Over The Moon Brew Company,https://www.zomato.com/hyderabad/over-the-moon-brew-company-gachibowli,"1,200","Best Bars & Pubs, Food Hygiene Rated Restaurants in Hyderabad, Top-Rated, Gold Curated, Hyderabad's Hottest","Asian, Continental, North Indian, Chinese, Mediterranean",12:00 PM - 11:00 PM | 12:00 PM - 1212:00 AM,Hyderabad,Gachibowli
The Fisherman's Wharf,https://www.zomato.com/hyderabad/the-fishermans-wharf-gachibowli,"1,500","Sunday Brunches, Corporate Favorites, Great Buffets, Hyderabad's Hottest, Food Hygiene Rated Restaurants in Hyderabad, Top-Rated, Gold Curated","Seafood, Goan, North Indian, Continental, Asian",12Noon - 3:30 PM | 4:00 PM - 6:30 PM | 7:00 PM - 11:30 PM | 12Noon - 3:30 PM | 4:00 PM - 6:30 PM | 7:00 PM - 12Midnight,Hyderabad,Gachibowli
eat.fit,https://www.zomato.com/hyderabad/eat-fit-gachibowli,500,Food Hygiene Rated Restaurants in Hyderabad,"Healthy Food, North Indian, Continental, South Indian",7:00 AM - 10:00 PM,Hyderabad,Gachibowli
Shah Ghouse Spl Shawarma,https://www.zomato.com/hyderabad/shah-ghouse-spl-shawarma-gachibowli,300,"Live Music, Fine Dining, Rooftop Places",Lebanese,12:00 PM - 12 Midnight,Hyderabad,Gachibowli
Hyper Local,https://www.zomato.com/hyderabad/hyper-local-gachibowli,"1,000","Great Buffets, Live Sports Screenings, Best Bars & Pubs, Trending This Week","American, Chinese, North Indian, Kebab, South Indian",12:00 PM - 12 Midnight,Hyderabad,Gachibowli
Cream Stone,https://www.zomato.com/hyderabad/cream-stone-gachibowli,350,Frozen Delights,"Ice Cream, Desserts",10:00 AM - 1:00 AM | 10:00 AM - 1:30 AM,Hyderabad,Gachibowli
Sardarji's Chaats & More,https://www.zomato.com/hyderabad/sardarjis-chaats-more-gachibowli,400,"Street Food, Veggie Friendly, Pocket Friendly","Street Food, North Indian, Fast Food",12:00 PM - 3:30 PM | 7:00 PM - 10:30 PM,Hyderabad,Gachibowli
Barbeque Nation,https://www.zomato.com/hyderabad/barbeque-nation-gachibowli,"1,600",Barbecue & Grill,"Mediterranean, North Indian, Kebab, BBQ",12:00 PM - 3:30 PM | 6:30 PM - 11:30 PM,Hyderabad,Gachibowli
Absolute Sizzlers,https://www.zomato.com/hyderabad/absolute-sizzlers-gachibowli,750,Great Buffets,"Continental, American, Chinese",11:30 AM - 1:00 AM,Hyderabad,Gachibowli
The Lal Street - Bar Exchange,https://www.zomato.com/hyderabad/the-lal-street-bar-exchange-gachibowli,"1,300","Corporate Favorites, Happy Hours, Live Sports Screenings, Rooftops, Trending This Week","North Indian, Italian, Finger Food",12:00 PM - 1212:00 AM,Hyderabad,Gachibowli
AB's - Absolute Barbecues,https://www.zomato.com/hyderabad/abs-absolute-barbecues-gachibowli,"1,500","Barbecue & Grill, Great Buffets, Corporate Favorites, Hyderabad's Hottest","European, Mediterranean, North Indian",12:00 PM - 4:30 PM | 6:30 PM - 11:30 PM,Hyderabad,Gachibowli
KFC,https://www.zomato.com/hyderabad/kfc-gachibowli,500,"Best of Hyderabad, Top Rated","Burger, Fast Food",11:00 AM - 11:00 PM,Hyderabad,Gachibowli
NorFest - The Dhaba,https://www.zomato.com/hyderabad/norfest-the-dhaba-gachibowli,550,"Live Music, Healthy Food, Great Buffets",North Indian,12:00 PM - 10:30 PM,Hyderabad,Gachibowli
Hotel Zara Hi-Fi,https://www.zomato.com/hyderabad/hotel-zara-gachibowli,400,Weekend Hangouts,"Chinese, North Indian",11:30 AM - 1:00 AM,Hyderabad,Gachibowli
10 Downing Street,https://www.zomato.com/hyderabad/10-downing-street-gachibowli,"1,900",Trending This Week,"North Indian, Chinese, Continental",12:00 PM - 12 Midnight,Hyderabad,Gachibowli
Pakwaan Grand,https://www.zomato.com/hyderabad/pakwaan-grand-gachibowli,400,Trending This Week,"North Indian, Chinese, Biryani",12:00 PM - 11:00 PM,Hyderabad,Gachibowli
13 Dhaba,https://www.zomato.com/hyderabad/13-dhaba-gachibowli,450,Veggie Friendly,North Indian,12:30 PM - 10:00 PM | Mon Closed,Hyderabad,Gachibowli
Jonathan's Kitchen - Holiday Inn Express & Suites,https://www.zomato.com/hyderabad/jonathans-kitchen-holiday-inn-express-suites-gachibowli,"1,900","Great Italian, Sunday Brunches","North Indian, Japanese, Italian, Salad, Sushi",11:30 AM - 3:00 PM | 7:00 PM - 11:00 PM,Hyderabad,Gachibowli
B-Dubs,https://www.zomato.com/hyderabad/b-dubs-gachibowli,"1,600",Hyderabad's Hottest,American,12:00 PM - 11:00 PM,Hyderabad,Gachibowli
Amul,https://www.zomato.com/hyderabad/amul-gachibowli,150,"Quick Bites, Romantic Dining","Ice Cream, Desserts",10:00 AM - 5:00 AM,Hyderabad,Gachibowli
SKYHY,https://www.zomato.com/hyderabad/skyhy-gachibowli,"1,400","Live Sports Screenings, Gigs and Events","North Indian, Chinese, Continental",12:00 PM - 12 Midnight | 12:00 PM - 1:00 AM,Hyderabad,Gachibowli
Tiki Shack,https://www.zomato.com/hyderabad/tiki-shack-gachibowli,"1,000","Healthy Food, Pocket Friendly, Romantic Dining",Continental,"12Noon - 11:00 PM ,12Noon - 11:30 PM",Hyderabad,Gachibowli
Mustang Terrace Lounge,https://www.zomato.com/hyderabad/mustang-terrace-lounge-gachibowli,"1,300","Rooftops, Live Sports Screenings, Best Bars & Pubs","Mexican, Italian, North Indian, Chinese, Salad",12:00 PM - 11:30 PM | 12:00 PM - 1:00 AM | 12:00 PM - 12 Midnight | Thu Closed,Hyderabad,Gachibowli
"3B's - Buddies, Bar & Barbecue",https://www.zomato.com/hyderabad/3bs-buddies-bar-barbecue-gachibowli,"1,100","Barbecue & Grill, Live Sports Screenings","North Indian, Mediterranean, European",12:00 PM - 4:00 PM | 6:30 PM - 11:30 PM,Hyderabad,Gachibowli
Behrouz Biryani,https://www.zomato.com/hyderabad/behrouz-biryani-gachibowli,600,Romantic Dining,"Mughlai, Biryani",10:00 AM - 1:00 AM,Hyderabad,Gachibowli
Hunger Maggi Point,https://www.zomato.com/hyderabad/hunger-maggi-point-gachibowli,200,"Rooftop Places, Weekend Hangouts",Fast Food,4:30 PM - 5:30 AM,Hyderabad,Gachibowli
Pot Pourri,https://www.zomato.com/hyderabad/pot-pourri-gachibowli,900,"Best of Hyderabad, Romantic Dining","Andhra, South Indian, North Indian",,Hyderabad,Gachibowli
Pista House,https://www.zomato.com/hyderabad/pista-house-2-gachibowli,"1,000",Haleem,"Bakery, North Indian, Mughlai, Juices, Chinese",11:00 AM - 12 Midnight,Hyderabad,Gachibowli
Marsala Food Company,https://www.zomato.com/hyderabad/marsala-food-company-gachibowli,700,"Mandi, Great Buffets, The ‘Must Visit’ Eateries","Arabian, North Indian, Chinese",12:00 PM - 4:00 PM | 7:00 PM - 1212:00 AM,Hyderabad,Gachibowli
Club Rogue,https://www.zomato.com/hyderabad/club-rogue-gachibowli,900,"Quick Bites, Healthy Food, Best of Hyderabad","North Indian, Fast Food",11:00 AM - 12 Midnight,Hyderabad,Gachibowli
Mazzo - Marriott Executive Apartments,https://www.zomato.com/hyderabad/mazzo-marriott-executive-apartments-gachibowli,"1,700","Top-Rated, Gold Curated, Fancy and Fun","Italian, North Indian, South Indian, Asian",6:00 AM - 1212:00 AM,Hyderabad,Gachibowli
Green Bawarchi Restaurant,https://www.zomato.com/hyderabad/green-bawarchi-restaurant-gachibowli,700,Rooftop Places,"North Indian, Chinese, Biryani",12:00 PM - 11:00 PM,Hyderabad,Gachibowli
Banana Leaf Multicuisine Restaurant,https://www.zomato.com/hyderabad/banana-leaf-multicuisine-restaurant-gachibowli,700,Great Buffets,"Biryani, South Indian, North Indian, Chinese, Andhra",12:30 PM - 3:30 PM | 7:00 PM - 10:40 PM,Hyderabad,Gachibowli
Kritunga Restaurant,https://www.zomato.com/hyderabad/kritunga-restaurant-gachibowli,500,"Romantic Dining, Quick Bites","Andhra, Biryani, Hyderabadi, North Indian",12:00 PM - 4:00 PM | 7:00 PM - 11:00 PM,Hyderabad,Gachibowli
The Glass Onion,https://www.zomato.com/hyderabad/the-glass-onion-gachibowli,"1,200",Fancy and Fun,"North Indian, Continental, Italian, Asian",12:00 PM - 11:00 PM | 12:00 PM - 1212:00 AM,Hyderabad,Gachibowli
Deli 9 Bistro,https://www.zomato.com/hyderabad/deli-9-bistro-gachibowli,700,"Best of Hyderabad, Rooftop Places","Cafe, Continental, Desserts",12:00 PM - 10:30 PM,Hyderabad,Gachibowli
Frio Bistro,https://www.zomato.com/hyderabad/frio-bistro-gachibowli,"1,200","Best of Hyderabad, Live Music, Top Rated","European, Italian, Continental, Spanish",12:00 PM - 11:00 PM,Hyderabad,Gachibowli
Karachi Bakery,https://www.zomato.com/hyderabad/karachi-bakery-gachibowli,500,"Great Buffets, Healthy Food, Best of Hyderabad","Bakery, Fast Food, Desserts",10:00 AM - 10:00 PM,Hyderabad,Gachibowli
Karachi Cafe,https://www.zomato.com/hyderabad/karachi-cafe-gachibowli,600,"Great Buffets, Luxury Dining","Cafe, Desserts, Fast Food",10:00 AM - 10:00 PM,Hyderabad,Gachibowli
The Foodie Monster Kitchen,https://www.zomato.com/hyderabad/the-foodie-monster-kitchen-gachibowli,500,"Great Breakfasts, Late Night Restaurants, Best shawarmas","American, Wraps, Desserts",7:00 AM - 1:00 AM,Hyderabad,Gachibowli
La La Land - Bar & Kitchen,https://www.zomato.com/hyderabad/la-la-land-bar-kitchen-gachibowli,"1,000","Great Buffets, Trending This Week","Finger Food, North Indian, Kebab, Chinese",12:00 PM - 11:30 PM,Hyderabad,Gachibowli
Owm Nom Nom,https://www.zomato.com/hyderabad/owm-nom-nom-gachibowli,900,"Romantic Dining, Live Music, Great Buffets","Chinese, Biryani, Andhra, North Indian",12Noon - 11:30 PM,Hyderabad,Gachibowli
Ulavacharu,https://www.zomato.com/hyderabad/ulavacharu-gachibowli,"1,400","Function Venues, Regional Favorites","Andhra, North Indian, Chinese",12:00 PM - 11:30 PM,Hyderabad,Gachibowli
Shanghai Chef 2,https://www.zomato.com/hyderabad/shanghai-chef-2-gachibowli,800,Pan-Asian Delicacies,"Chinese, Thai, Indonesian, Asian",12:00 PM - 11:00 PM,Hyderabad,Gachibowli
Udipi's Upahar,https://www.zomato.com/hyderabad/udipis-upahar-gachibowli,500,"Great Buffets, Top Rated","South Indian, North Indian, Chinese",6:00 AM - 10:30 PM,Hyderabad,Gachibowli
Mathura Vilas,https://www.zomato.com/hyderabad/mathura-vilas-gachibowli,500,"Veggie Friendly, Terrific Thalis","South Indian, North Indian, Chinese",11:30 AM - 3:30 PM | 6:45 PM - 11:30 PM,Hyderabad,Gachibowli
Gal Punjab Di,https://www.zomato.com/hyderabad/gal-punjab-di-gachibowli,800,"Quick Bites, Trending This Week","North Indian, Continental",11:55 AM - 4:00 PM | 7:00 PM - 11:15 PM,Hyderabad,Gachibowli
Hitech Bawarchi Food Zone,https://www.zomato.com/hyderabad/hitech-bawarchi-food-zone-gachibowli,500,"Romantic Dining, Fine Dining, Best Biryani","Biryani, North Indian, Chinese",12:00 PM - 11:00 PM,Hyderabad,Gachibowli
Biryanis And More,https://www.zomato.com/hyderabad/biryanis-and-more-gachibowli,500,Healthy Food,"North Indian, Biryani, Chinese",11:00 AM - 11:00 PM,Hyderabad,Gachibowli
Diners Pavilion,https://www.zomato.com/hyderabad/diners-pavilion-gachibowli,"1,200","Great Buffets, Live Sports Screenings","Chinese, Continental, Italian","12:00 PM - 4:30 PM | 6:30 PM - 11:30 PM | Closed ,12:00 PM - 1212:00 AM",Hyderabad,Gachibowli
Asian Meal Box,https://www.zomato.com/hyderabad/asian-meal-box-gachibowli,200,"Best Cafes, Pure Veg",Asian,12:00 PM - 1212:00 AM | 12:00 PM - 1:00 AM,Hyderabad,Gachibowli
Cafe Eclat,https://www.zomato.com/hyderabad/cafe-eclat-gachibowli,700,Sneak Peek Hyderabad,"Cafe, Bakery",8:00 AM - 11:30 PM,Hyderabad,Gachibowli
Feast - Sheraton Hyderabad Hotel,https://www.zomato.com/hyderabad/feast-sheraton-hyderabad-hotel-gachibowli,"2,500","Sunday Brunches, Great Breakfasts, Function Venues, Ramzan Mubarak","Modern Indian, Asian, Continental, Italian","6:30 AM - 10:30 AM | 12:30 PM - 3:00 PM | 7:00 PM - 11:00 PM ,6:30 AM - 10:30 AM | 12:30 PM - 3:00 PM | 7:30 PM - 11:00 PM ,6:30 AM - 10:30 AM | 12:30 PM - 3:30 PM | 7:00 PM - 11:00 PM",Hyderabad,Gachibowli
Being Hungry,https://www.zomato.com/hyderabad/being-hungry-gachibowli,450,"Pure Veg, Trending This Week, Family Dining","North Indian, Chinese",12:00 PM - 3:00 PM | 7:00 PM - 11:30 PM,Hyderabad,Gachibowli
Tempteys,https://www.zomato.com/hyderabad/tempteys-gachibowli,350,Best Milkshakes,"Desserts, Beverages",11:30 AM - 1:00 AM,Hyderabad,Gachibowli
KS Bakers,https://www.zomato.com/hyderabad/ks-bakers-gachibowli,200,"Weekend Hangouts, Best of Hyderabad, Top Rated","Bakery, Desserts, Fast Food",9:00 AM - 10:00 PM,Hyderabad,Gachibowli
PourHouse7,https://www.zomato.com/hyderabad/pourhouse7-gachibowli,"1,200","Happy Hours, Top Drinking Destinations, Corporate Favorites","North Indian, Continental, Chinese, Italian",12:00 PM - 12 Midnight | 12:00 PM - 1:00 AM,Hyderabad,Gachibowli
Prism Club & Kitchen,https://www.zomato.com/hyderabad/prism-club-kitchen-gachibowli,"1,200","Sneak Peek Hyderabad, Best Bars & Pubs, Gigs and Events","Kebab, Continental, Italian, North Indian",5:00 PM - 1212:00 AM,Hyderabad,Gachibowli
Shree Santosh Dhaba Family Restaurant,https://www.zomato.com/hyderabad/shree-santosh-dhaba-family-restaurant-gachibowli,500,Late Night Delivery,"North Indian, Chinese, Fast Food",11:00 AM - 11:30 PM,Hyderabad,Gachibowli
Dine O China,https://www.zomato.com/hyderabad/dine-o-china-gachibowli,850,"Pocket Friendly, Best of Hyderabad, Luxury Dining","Chinese, Asian, Momos",11:30 AM - 11:00 PM,Hyderabad,Gachibowli
Hyderabad Chefs,https://www.zomato.com/hyderabad/hyderabad-chefs-gachibowli,600,Weekend Hangouts,"North Indian, Chinese",12:00 PM - 10:30 PM,Hyderabad,Gachibowli
Komatose - Holiday Inn Express & Suites,https://www.zomato.com/hyderabad/komatose-holiday-inn-express-suites-gachibowli,"1,500","Happy Hours, Top-Rated, Gold Curated","North Indian, Chinese, Japanese, Sushi",1:00 PM - 11:00 PM,Hyderabad,Gachibowli
Aromas@11SIX,https://www.zomato.com/hyderabad/aromas11six-gachibowli,750,"Pure Veg, Pocket Friendly","North Indian, Chinese, Mughlai, Biryani",11:30 AM - 12 Midnight,Hyderabad,Gachibowli
Yum Yum Tree - The Arabian Food Court,https://www.zomato.com/hyderabad/yum-yum-tree-the-arabian-food-court-gachibowli,"1,200",Food Hygiene Rated Restaurants in Hyderabad,"North Indian, Hyderabadi",12:00 PM - 12 Midnight,Hyderabad,Gachibowli
The Tilt Bar Republic,https://www.zomato.com/thetiltbarrepublic,"1,500","Gigs and Events, Corporate Favorites","North Indian, Continental, Italian",12:00 PM - 1212:00 AM,Hyderabad,Gachibowli
The Indi Grill,https://www.zomato.com/hyderabad/the-indi-grill-gachibowli,"1,500","Food Hygiene Rated Restaurants in Hyderabad, Great Buffets, Hyderabad's Hottest","BBQ, Asian, Modern Indian",12:00 PM - 11:00 PM,Hyderabad,Gachibowli
Urban Asia - Kitchen & Bar,https://www.zomato.com/hyderabad/urban-asia-kitchen-bar-gachibowli,"1,100","Best Cafes, Live Music, Weekend Hangouts","Asian, Thai, Chinese, Sushi, Momos",12:00 PM - 3:00 PM | 7:00 PM - 11:00 PM,Hyderabad,Gachibowli
Eat India Company,https://www.zomato.com/hyderabad/eat-india-company-gachibowli,"1,300","Rooftop Places, Pocket Friendly, Best of Hyderabad","North Indian, Mughlai, Beverages",12:00 PM - 3:00 PM | 7:00 PM - 11:00 PM,Hyderabad,Gachibowli
Labonel,https://www.zomato.com/hyderabad/labonel-gachibowli,"1,000",Best Bakeries,"Bakery, Desserts",11:00 AM - 8:00 PM | Sun Closed,Hyderabad,Gachibowli
Driven Cafe,https://www.zomato.com/hyderabad/driven-cafe-gachibowli,600,"Top Rated, Family Dining","Cafe, Fast Food, Beverages",4:00 AM - 12 Midnight,Hyderabad,Gachibowli
Faasos,https://www.zomato.com/hyderabad/faasos-gachibowli,600,"Trending This Week, Great Buffets","Fast Food, Biryani, Desserts",9:00 AM - 1:00 AM,Hyderabad,Gachibowli
Royal Spicy Restaurant,https://www.zomato.com/hyderabad/royal-spicy-restaurant-gachibowli,700,Best Cafes,"North Indian, South Indian",10:30 AM - 11:00 PM,Hyderabad,Gachibowli
The Old Madras Baking Company,https://www.zomato.com/hyderabad/the-old-madras-baking-company-gachibowli,350,"Live Music, Fine Dining, Pocket Friendly",Bakery,7:00 AM - 11:00 PM,Hyderabad,Gachibowli
Squeeze @ The Lime,https://www.zomato.com/hyderabad/squeeze-the-lime-gachibowli,650,Veggie Friendly,"Italian, North Indian, Chinese, Salad",7:00 AM - 10:30 AM | 12:30 PM - 3:30 PM | 7:00 PM - 11:00 PM,Hyderabad,Gachibowli
Khaan Saab,https://www.zomato.com/hyderabad/khaan-saab-gachibowli,"1,100",New on Gold,"North Indian, Mughlai",12:00 PM - 3:30 PM | 7:00 PM - 11:30 PM,Hyderabad,Gachibowli
Olive Garden,https://www.zomato.com/hyderabad/olive-garden-gachibowli,700,"Fine Dining, Late Night Delivery, Pocket Friendly","North Indian, Chinese, Continental, Biryani",12:00 PM - 3:30 PM | 7:00 PM - 11:00 PM,Hyderabad,Gachibowli
Tandoori Food Works,https://www.zomato.com/hyderabad/tandoori-food-works-gachibowli,500,Brilliant Biryanis,"North Indian, Burger, Kebab",12:00 PM - 1212:00 AM | 12:00 PM - 1:00 AM,Hyderabad,Gachibowli
Delhi-39,https://www.zomato.com/hyderabad/delhi-39-gachibowli,600,Rooftop Places,"North Indian, Chinese",11:00 AM - 11:00 PM,Hyderabad,Gachibowli
Al Saba Restaurant,https://www.zomato.com/hyderabad/al-saba-restaurant-gachibowli,750,"Top Rated, Trending This Week","North Indian, Chinese, Seafood, Biryani, Hyderabadi",6:00 AM - 11:30 PM,Hyderabad,Gachibowli
GD's,https://www.zomato.com/hyderabad/gds-gachibowli,500,"Late Night Delivery, Weekend Hangouts, Family Dining","Burger, American",11:30 AM - 5:00 AM,Hyderabad,Gachibowli
T Grill,https://www.zomato.com/hyderabad/t-grill-gachibowli,700,"Best Biryani, Top Rated","North Indian, Andhra, Biryani, Chinese",12:30 PM - 3:30 PM | 7:00 PM - 11:00 PM,Hyderabad,Gachibowli
Momos Delight,https://www.zomato.com/hyderabad/momos-delight-gachibowli,200,"Weekend Hangouts, Best of Hyderabad, Pocket Friendly",Momos,6:00 PM - 2:00 AM,Hyderabad,Gachibowli
The Chocolate Room,https://www.zomato.com/hyderabad/the-chocolate-room-gachibowli,600,"Family Dining, Late Night Delivery","Cafe, Desserts",10:00 AM - 12 Midnight,Hyderabad,Gachibowli
American Wild Wings,https://www.zomato.com/hyderabad/american-wild-wings-gachibowli,600,Food Hygiene Rated Restaurants in Hyderabad,"American, Fast Food, Salad, Burger",12:00 PM - 4:00 AM,Hyderabad,Gachibowli
Domino's Pizza,https://www.zomato.com/hyderabad/dominos-pizza-4-gachibowli,400,"Best of Hyderabad, Top Rated, Fine Dining","Fast Food, Pizza",11:00 AM - 11:00 PM,Hyderabad,Gachibowli
Mohammedia Shawarma,https://www.zomato.com/hyderabad/mohammedia-shawarma-gachibowli,150,Best of Hyderabad,"Street Food, Arabian",1:00 PM - 1:00 AM,Hyderabad,Gachibowli
Arena Eleven,https://www.zomato.com/hyderabad/arena-eleven-gachibowli,"1,600",New on Gold,Continental,12:00 PM - 12 Midnight,Hyderabad,Gachibowli
Cascade - Radisson Hyderabad Hitec City,https://www.zomato.com/hyderabad/cascade-radisson-hyderabad-hitec-city-gachibowli,"1,800","Trending This Week, Top Rated","North Indian, Italian, Continental, Asian",24 Hours,Hyderabad,Gachibowli
Collage - Hyatt Hyderabad Gachibowli,https://www.zomato.com/hyderabad/collage-hyatt-hyderabad-gachibowli-gachibowli,"2,800",Sunday Brunches,"Continental, Italian, North Indian, Chinese, Asian",24 Hours,Hyderabad,Gachibowli
Zing's Northeast Kitchen,https://www.zomato.com/hyderabad/zings-northeast-kitchen-gachibowli,550,"Great Buffets, Pure Veg","North Eastern, Momos",11:30 AM - 4:00 PM | 7:00 PM - 11:00 PM,Hyderabad,Gachibowli
Dunkin' Donuts,https://www.zomato.com/hyderabad/dunkin-donuts-gachibowli,550,Trending This Week,"Desserts, Cafe, Beverages, Burger, Fast Food",10:00 AM - 11:00 PM,Hyderabad,Gachibowli
Desi Bytes,https://www.zomato.com/hyderabad/desi-bytes-gachibowli,400,"Quick Bites, Romantic Dining","North Indian, Chinese",1:00 PM - 2:00 AM | Tue Closed,Hyderabad,Gachibowli
Hyderabadi Daawat,https://www.zomato.com/hyderabad/hyderabadi-daawat-1-gachibowli,600,Food Hygiene Rated Restaurants in Hyderabad,"Hyderabadi, Chinese, Mughlai",12:30 PM - 11:30 PM,Hyderabad,Gachibowli
Zega - Sheraton Hyderabad Hotel,https://www.zomato.com/hyderabad/zega-sheraton-hyderabad-hotel-gachibowli,"1,750",Great Buffets,"Asian, Sushi",12Noon - 2:00 AM,Hyderabad,Gachibowli
Triptify,https://www.zomato.com/hyderabad/triptify-gachibowli,400,Family Dining,North Indian,11:00 AM - 11:00 PM,Hyderabad,Gachibowli
Chinese Pavilion,https://www.zomato.com/hyderabad/chinese-pavilion-gachibowli,"1,000","Trending This Week, Healthy Food","Chinese, Seafood",12:00 PM - 3:30 PM | 7:00 PM - 11:00 PM,Hyderabad,Gachibowli
IndiBlaze,https://www.zomato.com/hyderabad/indiblaze-gachibowli,600,Best Biryani,"Fast Food, Salad",11:00 AM - 11:00 PM,Hyderabad,Gachibowli
Sweet Basket,https://www.zomato.com/hyderabad/sweet-basket-gachibowli,200,"Quick Bites, Luxury Dining","Bakery, Mithai",10:00 AM - 10:00 PM | 8:00 AM - 10:30 PM,Hyderabad,Gachibowli
Angaara Counts 3,https://www.zomato.com/hyderabad/angaara-counts-3-gachibowli,500,"Live Music, Family Dining, Pure Veg","North Indian, Biryani, Chinese",12:00 PM - 11:00 PM,Hyderabad,Gachibowli
Wich Please,https://www.zomato.com/hyderabad/wich-please-1-gachibowli,250,Family Dining,Fast Food,8:00 AM - 12:30 AM,Hyderabad,Gachibowli
Republic Of Noodles - Lemon Tree Hotel,https://www.zomato.com/hyderabad/republic-of-noodles-lemon-tree-hotel-gachibowli,"1,700",Pan-Asian Delicacies,"Thai, Asian, Chinese, Malaysian",11:30 AM - 3:00 PM | 7:00 PM - 12 Midnight,Hyderabad,Gachibowli
